source,publishedAt,raw_text,clean_text,url,locations,crime_types
CBS News,2025-04-20T03:04:19Z,"Was an Oregon teen the mastermind behind her father's murder? After Aaron Friar and his 15-year-old daughter Ellie vanished from their Medford, Oregon, home, investigators arrived to discover a horrific scene – and soon after, evidence of a murder plot is revealed. The quiet city of Medford, Oregon was shaken by Maggie Friar's desperate 911 call in the early morning hours of Oct. 2, 2017.
MAGGIE FRIAR to 911: I don't know where my ex-husband or my oldest daugh… [+34785 chars]",oregon teen mastermind behind fathers murder aaron friar yearold daughter ellie vanished medford oregon home investigators arrived discover horrific scene – soon evidence murder plot revealed quiet city medford oregon shaken maggie friars desperate call early morning hours oct maggie friar dont know exhusband oldest daugh… chars,https://www.cbsnews.com/news/ellie-friar-aaron-friar-gavin-macfarlane-russell-jones-oregon-murder-mastermind-48-hours/,oregon,murder
Sinhalanet.net,2025-04-20T02:48:05Z,“LTTE Diaspora speaks of “Genocide” — But say Nothing of the Genocide of Tamil Child Soldiers Childhood” Has it never occurred to the international media or so-called international community or even UN/UNHRC Officials to question the silence of LTTE fronts to LTTE’s recruitment of Tamil children who were turned into child soldiers forming one third of LTTE’s … Has it never occurred to the international media or so-called international community or even UN/UNHRC Officials to question the silence of LTTE fronts to LTTEs recruitment of Tamil children who were… [+9507 chars],“ltte diaspora speaks “genocide” — say nothing genocide tamil child soldiers childhood” never occurred international media socalled international community even ununhrc officials question silence ltte fronts ltte’s recruitment tamil children turned child soldiers forming one third ltte’s … never occurred international media socalled international community even ununhrc officials question silence ltte fronts lttes recruitment tamil children were… chars,https://www.sinhalanet.net/ltte-diaspora-speaks-of-genocide-but-say-nothing-of-the-genocide-of-tamil-child-soldiers-childhood,,
fox6now.com,2025-04-20T02:44:51Z,"Milwaukee shooting near 35th and Florist, 1 wounded Milwaukee police said two people were shot and wounded on Saturday morning, April 19. Police are looking for whoever is responsible. MILWAUKEE - Milwaukee police said two people were shot and wounded on Saturday morning, April 19.
35th and Florist
What we know:
A 29-year-old victim was shot around 9:10 a.m. Police said the vict… [+899 chars]",milwaukee shooting near th florist wounded milwaukee police said two people shot wounded saturday morning april police looking whoever responsible milwaukee milwaukee police said two people shot wounded saturday morning april th florist know yearold victim shot around police said vict… chars,https://www.fox6now.com/news/milwaukee-shooting-saturday-041925,milwaukee,
Freerepublic.com,2025-04-20T02:34:25Z,"Illegal Alien and Suspected Tren de Aragua Gangster Cries Like a Baby After Arrest in Florida: ‘Life as He Knew It is Over’ Credit: Polk County Sheriff’s Office ******************************************************************** Someone find the world’s smallest violin. An illegal alien and an alleged Tren de Aragua gangster broke down like a baby being arrested in connection wit… Skip to comments.
Illegal Alien and Suspected Tren de Aragua Gangster Cries Like a Baby After Arrest in Florida: Life as He Knew It is OverGateway Pundit ^
 | April 19, 2025
 | Staff
Posted on 04… [+3400 chars]",illegal alien suspected tren de aragua gangster cries like baby arrest florida ‘life knew over’ credit polk county sheriff’s office someone find world’s smallest violin illegal alien alleged tren de aragua gangster broke like baby arrested connection wit… skip comments illegal alien suspected tren de aragua gangster cries like baby arrest florida life knew overgateway pundit april staff posted … chars,https://freerepublic.com/focus/f-chat/4312089/posts,florida,
fox6now.com,2025-04-20T02:15:02Z,"Milwaukee father shot, killed on the job; family holds vigil A vigil was held Saturday for a Milwaukee man who was shot and killed earlier this week. Family said the father of seven died on the job. MILWAUKEE - A vigil was held Saturday for a Milwaukee man who was shot and killed earlier this week. Family said he died on the job ""protecting what he loved."" 
What they're saying:
Loved ones of 3… [+1925 chars]",milwaukee father shot killed job family holds vigil vigil held saturday milwaukee man shot killed earlier week family said father seven died job milwaukee vigil held saturday milwaukee man shot killed earlier week family said died job protecting loved theyre saying loved ones … chars,https://www.fox6now.com/news/milwaukee-shooting-hopkins-courtland-vigil,milwaukee,killed
CBS News,2025-04-20T02:00:34Z,"American citizen arrested in Florida, held for pickup by ICE even after proving he was born in U.S. A U.S. citizen was arrested in Florida for allegedly being in the country illegally and held for pickup by immigration authorities even after his mother showed a judge her son's birth certificate and the judge had dismissed charges. A U.S. citizen was arrested in Florida for allegedly being in the country illegally and held for pickup by immigration authorities even after his mother showed a judge her son's birth certificate and… [+2195 chars]",american citizen arrested florida held pickup ice even proving born us us citizen arrested florida allegedly country illegally held pickup immigration authorities even mother showed judge sons birth certificate judge dismissed charges us citizen arrested florida allegedly country illegally held pickup immigration authorities even mother showed judge sons birth certificate and… chars,https://www.cbsnews.com/miami/news/american-citizen-held-by-ice-even-after-proving-he-was-born-in-u-s-florida-arrest/,florida,
Freerepublic.com,2025-04-20T01:40:36Z,"BREAKING: DEMOCRAT NEW MEXICO JUDGE RESIGNS AFTER HOMELAND SECURITY ARRESTS TREN DE ARAGUA DESIGNATED TERRORIST LIVING AT JUDGE'S HOME! BREAKING: DEMOCRAT NEW MEXICO JUDGE RESIGNS AFTER HOMELAND SECURITY ARRESTS TREN DE ARAGUA DESIGNATED TERRORIST LIVING AT JUDGE'S HOME! The Longtime Doña Ana County Judge Joel Cano, A Democrat Has Abruptly Resigned After Federal Agents Arrested Alleged Violen… Skip to comments.
BREAKING: DEMOCRAT NEW MEXICO JUDGE RESIGNS AFTER HOMELAND SECURITY ARRESTS TREN DE ARAGUA DESIGNATED TERRORIST LIVING AT JUDGE'S HOME!John Basham ^
 | 419/2025
Posted on 04/19/2… [+4088 chars]",breaking democrat new mexico judge resigns homeland security arrests tren de aragua designated terrorist living judges home breaking democrat new mexico judge resigns homeland security arrests tren de aragua designated terrorist living judges home longtime doña ana county judge joel cano democrat abruptly resigned federal agents arrested alleged violen… skip comments breaking democrat new mexico judge resigns homeland security arrests tren de aragua designated terrorist living judges homejohn basham posted … chars,https://freerepublic.com/focus/f-news/4312080/posts,new mexico,
Independent.ie,2025-04-20T01:30:00Z,"Swan Fruits wind-up ‘delayed by Irish Life’s failure to transfer pensions’, says liquidator The failure by Irish Life to transfer to a liquidator two pensions belonging to the owner of fruit-and-veg wholesaler Swan Fruits – now the subject of a garda fraud squad investigation – is holding up its liquidation, it has been claimed. The failure by Irish Life to transfer to a liquidator two pensions belonging to the owner of fruit-and-veg wholesaler Swan Fruits now the subject of a garda fraud squad investigation is holding up it… [+2523 chars]",swan fruits windup ‘delayed irish life’s failure transfer pensions’ says liquidator failure irish life transfer liquidator two pensions belonging owner fruitandveg wholesaler swan fruits – subject garda fraud squad investigation – holding liquidation claimed failure irish life transfer liquidator two pensions belonging owner fruitandveg wholesaler swan fruits subject garda fraud squad investigation holding it… chars,https://www.independent.ie/business/irish/swan-fruits-wind-up-delayed-by-irish-lifes-failure-to-transfer-pensions-says-liquidator/a1432828078.html,,fraud
Boredpanda.com,2025-04-20T01:00:46Z,"Guy’s Prank On Brother’s GF Goes Wrong, Ruins Couple’s Relationships And Breaks Brotherhood This might be the last prank he decides to pull... Pranks. You either love them or hate them. But as with many things in life, pranking has its limits. It’s safe to say that playing practical jokes should never cause physical or emotional harm to any… [+4636 chars]",guy’s prank brother’s gf goes wrong ruins couple’s relationships breaks brotherhood might last prank decides pull pranks either love hate many things life pranking limits it’s safe say playing practical jokes never cause physical emotional harm any… chars,https://www.boredpanda.com/family-wants-guy-break-up-girlfriend-responded-brothers-prank/,,
Breitbart News,2025-04-20T00:59:54Z,"NYC Police: Therapist Who Committed Tesla Hate Crime Blames Elon Musk A New York City woman accused of leaving a brick adorned with a swastika and the word ""Nazi"" on a Tesla is reportedly a family therapist who blames Elon Musk for her own actions.
The post NYC Police: Therapist Who Committed Tesla Hate Crime Blames Elon Musk a… A New York City woman accused of leaving a brick adorned with a swastika and the word “Nazi” on a Tesla is reportedly a family therapist who blames Elon Musk for her own actions.
Prosecutors said 46… [+2630 chars]",nyc police therapist committed tesla hate crime blames elon musk new york city woman accused leaving brick adorned swastika word nazi tesla reportedly family therapist blames elon musk actions post nyc police therapist committed tesla hate crime blames elon musk a… new york city woman accused leaving brick adorned swastika word “nazi” tesla reportedly family therapist blames elon musk actions prosecutors said … chars,https://www.breitbart.com/tech/2025/04/19/nyc-police-therapist-who-committed-tesla-hate-crime-blames-elon-musk/,new york city,
Freerepublic.com,2025-04-20T00:41:33Z,"The FBI Sting That Caught Chinese Spies | Traitor/Patriot In Sedalia, Missouri, Pittsburgh Corning Corporation operated a low-profile factory making a proprietary insulation material called Foamglas. But when two mysterious visitors from overseas showed up uninvited, what seemed like a minor trespassing incident esc… Skip to comments.
The FBI Sting That Caught Chinese Spies | Traitor/PatriotYoutube ^
 | April 15, 2025
 | Curiosity Stream
Posted on 04/19/2025 5:41:33 PM PDT by mbrfl
In Sedalia, Missouri, Pitt… [+2194 chars]",fbi sting caught chinese spies traitorpatriot sedalia missouri pittsburgh corning corporation operated lowprofile factory making proprietary insulation material called foamglas two mysterious visitors overseas showed uninvited seemed like minor trespassing incident esc… skip comments fbi sting caught chinese spies traitorpatriotyoutube april curiosity stream posted pm pdt mbrfl sedalia missouri pitt… chars,https://freerepublic.com/focus/f-news/4312071/posts,"pittsburgh, missouri",
Spoilertv.com,2025-04-20T00:34:00Z,Law & Order: Organized Crime - Lost Highway - Review: Rigged Operation  It is rare for a show to not only consistently meet the mark each season but somehow achieve an even higher level season after season; Law &amp; Order: Organized Crime is an outlier. It manages to ke… [+3899 chars],law order organized crime lost highway review rigged operation rare show consistently meet mark season somehow achieve even higher level season season law amp order organized crime outlier manages ke… chars,https://www.spoilertv.com/2025/04/law-order-organized-crime-lost-highway.html,,
FOX 2 Detroit,2025-04-20T00:15:28Z,"Teen stabbed during fight near Detroit park A group of teens fighting at a park turned into a stabbing, according to Detroit police. What they're saying:
DETROIT, Mich. (FOX 2) - A group of teens fighting at a park turned into a stabbing, according to Detroit police.
Police say the teens were at Whitcomb and Pickford, north of P… [+513 chars]",teen stabbed fight near detroit park group teens fighting park turned stabbing according detroit police theyre saying detroit mich fox group teens fighting park turned stabbing according detroit police police say teens whitcomb pickford north p… chars,https://www.fox2detroit.com/news/teen-stabbed-during-fight-near-detroit-park,detroit,
New York Post,2025-04-20T00:07:48Z,"Judge rules roommate of slain Idaho students can testify suspect had “bushy eyebrows” The surviving roommate of four slain Idaho University students can testify that the intruder she witnessed enter their off-campus home in a ski mask had ""bushy eyebrows,"" according to a ruling released Friday. The surviving roommate of four slain Idaho University students can testify that the intruder she witnessed enter their off-campus home in a ski mask had “bushy eyebrows,” according to a ruling releas… [+3292 chars]",judge rules roommate slain idaho students testify suspect “bushy eyebrows” surviving roommate four slain idaho university students testify intruder witnessed enter offcampus home ski mask bushy eyebrows according ruling released friday surviving roommate four slain idaho university students testify intruder witnessed enter offcampus home ski mask “bushy eyebrows” according ruling releas… chars,https://nypost.com/2025/04/19/us-news/judge-rules-roommate-of-slain-idaho-students-can-testify-suspect-had-bushy-eyebrows/,,
Screen Rant,2025-04-20T00:05:19Z,"If Kim Was Saul Goodman's Jesse, Then This Character Was The Hank Of Better Call Saul Better Call Saul has a lot in common with its predecessor, with some of the characters serving similar roles and falling into similar story beats. Better Call Saul
's close ties to Breaking Bad are presented in some commonalities between characters, such as Kim and Jesse, but BCS also had a Hank Schrader replacement. Breaking Bad is frequently… [+4925 chars]",kim saul goodmans jesse character hank better call saul better call saul lot common predecessor characters serving similar roles falling similar story beats better call saul close ties breaking bad presented commonalities characters kim jesse bcs also hank schrader replacement breaking bad frequently… chars,https://screenrant.com/better-call-saul-howard-hamlin-hank-parallel-op-ed/,,
/FILM,2025-04-20T00:00:00Z,"The Scariest Batman Villain Has Never Made It Into The Movies Characters like Joker and Bane have shaken The Dark Knight on the big screen, but the scariest Batman villain still hasn't made his way into the movies...yet. We may receive a commission on purchases made from links.
Many consider Batman the greatest superhero because he has no fantastic powers, even though he's also far from an everyman. It's not just hi… [+2638 chars]",scariest batman villain never made movies characters like joker bane shaken dark knight big screen scariest batman villain still hasnt made way moviesyet may receive commission purchases made links many consider batman greatest superhero fantastic powers even though hes also far everyman hi… chars,https://www.slashfilm.com/1834210/batman-scariest-villain-deacon-joseph-blackfire/,,
Fox News,2025-04-19T23:59:09Z,"Rap sheets, photos of suspected Tren de Aragua gang members Trump admin tried to deport before SCOTUS ruling The Trump administration released the identities of a number of suspected Tren de Aragua gang members it tried to deport before the Supreme Court blocked the move early Saturday. The Trump administration on Saturday released the rap sheets and photos of alleged Tren de Aragua (TdA) gang members detained in Texas who the administration is trying to deport.
The suspects of the… [+4564 chars]",rap sheets photos suspected tren de aragua gang members trump admin tried deport scotus ruling trump administration released identities number suspected tren de aragua gang members tried deport supreme court blocked move early saturday trump administration saturday released rap sheets photos alleged tren de aragua tda gang members detained texas administration trying deport suspects the… chars,https://www.foxnews.com/politics/rap-sheets-photos-suspected-tren-de-aragua-gang-members-trump-admin-tried-deport-before-scotus-blocked,texas,
NBC News,2025-04-19T23:57:48Z,"Progressive icon and ex-Rep. Barbara Lee wins race for mayor of struggling Oakland, California Barbara Lee represented the city in Congress for more than two decades before retiring last year after running unsuccessfully for the U.S. Senate. SAN FRANCISCO Progressive icon and former U.S. Rep. Barbara Lee declared victory Saturday as the new mayor of troubled Oakland, a San Francisco Bay Area city reeling from economic stagnation, crime a… [+2514 chars]",progressive icon exrep barbara lee wins race mayor struggling oakland california barbara lee represented city congress two decades retiring last year running unsuccessfully us senate san francisco progressive icon former us rep barbara lee declared victory saturday new mayor troubled oakland san francisco bay area city reeling economic stagnation crime a… chars,https://www.nbcnews.com/politics/elections/former-congresswoman-barbara-lee-wins-race-mayor-oakland-california-rcna202004,"san francisco, san francisco bay, california, oakland",
The Irish Times,2025-04-19T23:30:00Z,"On this Easter Sunday, can we roll back the stone of cynicism? Rite & Reason: Easter is surely the greatest story of hope reborn, second chances, and renewal. But amid political tensions, economic uncertainty, high crime rates, a housing crisis, and the daily grind, where can … [+5487 chars]",easter sunday roll back stone cynicism rite reason easter surely greatest story hope reborn second chances renewal amid political tensions economic uncertainty high crime rates housing crisis daily grind … chars,https://www.irishtimes.com/opinion/2025/04/20/on-this-easter-sunday-can-we-roll-back-the-stone-of-cynicism/,,
ABC News (AU),2025-04-19T23:15:12Z,"Man fatally stabbed in Melbourne's popular Chapel Street nightclub strip Homicide Squad detectives are investigating the death of a man in Melbourne's inner south-east this morning, along with an unrelated serious assault of a woman in the coastal town of Barwon Heads. A man is dead after a stabbing in the packed Chapel Street nightclub strip in Prahran, in Melbourne's inner south-east.
Police were called after reports of a fight on the street about 1:30am on Sund… [+1286 chars]",man fatally stabbed melbournes popular chapel street nightclub strip homicide squad detectives investigating death man melbournes inner southeast morning along unrelated serious assault woman coastal town barwon heads man dead stabbing packed chapel street nightclub strip prahran melbournes inner southeast police called reports fight street sund… chars,https://www.abc.net.au/news/2025-04-20/chapel-street-stabbing-police-investigation/105194508,,"homicide, assault"
TVLine,2025-04-19T23:00:00Z,"The Rookie Boss Previews ‘Spooky’ Documentary Episode — #Chenford ‘Lie Detector Sequel’ Included! ABC’s The Rookie has scared up another reason to subject Nolan, Harper et al to documentary cameras. The light procedural’s previous documentary-format episodes involved a former child actor turned cult leader, the murder of the director of onetime team membe… ABC‘s The Rookie has scared up another reason to subject Nolan, Harper et al to documentary cameras.
The light procedural’s previous documentary-format episodes involved a former child actor turned … [+2721 chars]",rookie boss previews ‘spooky’ documentary episode — chenford ‘lie detector sequel’ included abc’s rookie scared another reason subject nolan harper et al documentary cameras light procedural’s previous documentaryformat episodes involved former child actor turned cult leader murder director onetime team membe… abc‘s rookie scared another reason subject nolan harper et al documentary cameras light procedural’s previous documentaryformat episodes involved former child actor turned … chars,https://tvline.com/previews/the-rookie-chenford-reveals-season-7-documentary-episode-1235437739/,,murder
7NEWS.com.au,2025-04-19T23:00:00Z,"Woman fighting for life and man under police guard after late-night argument Woman fighting for life and man under police guard after late-night argument7news.com.au A woman is fighting for life and a man is under police guard in hospital after a late-night altercation in Victorias Bellarine Peninsula.
Emergency services were called to Bridge Road, at Barwon Hea… [+648 chars]",woman fighting life man police guard latenight argument woman fighting life man police guard latenight argumentnewscomau woman fighting life man police guard hospital latenight altercation victorias bellarine peninsula emergency services called bridge road barwon hea… chars,https://7news.com.au/news/barwon-heads-woman-fighting-for-life-and-man-under-police-guard-after-late-night-argument-c-18428952,,
BBC News,2025-04-19T22:58:31Z,"Police algorithm said Lina was at 'medium' risk. Then she was killed Spanish police use an algorithm to assess the risk of repeat domestic violence.  Does it work? Linda Pressly and Esperanza Escribano
Lina died at her home on 9th February, 2025
In January, Lina went to the police.
Her ex-partner had been threatening her at home in the Spanish seaside town o… [+8590 chars]",police algorithm said lina medium risk killed spanish police use algorithm assess risk repeat domestic violence work linda pressly esperanza escribano lina died home th february january lina went police expartner threatening home spanish seaside town o… chars,https://www.bbc.com/news/articles/clyw7g4zxwzo,,killed
ABC News (AU),2025-04-19T22:51:05Z,"Concerns remain over country intersection where crash claimed five lives Two years ago this intersection claimed the lives of five people in one of Victoria's deadliest crashes. Residents say not enough is being done to prevent the next tragedy. Carolyn Ryan and Glenn Kelly stand at the Labuan Road-Murray Valley Highway intersection in Strathmerton with anger and concern etched on their faces.
Two years ago, the intersection in northern Vic… [+2934 chars]",concerns remain country intersection crash claimed five lives two years ago intersection claimed lives five people one victorias deadliest crashes residents say enough done prevent next tragedy carolyn ryan glenn kelly stand labuan roadmurray valley highway intersection strathmerton anger concern etched faces two years ago intersection northern vic… chars,https://www.abc.net.au/news/2025-04-20/strathmerton-crash-concerns-anniversary-investigation/105184698,,
Fox News,2025-04-19T22:42:54Z,"Another state confirms measles case with infected child its first of year Virginia recently announced that its first case of the measles this year involved a child who had traveled out of the country prior to being diagnosed. The Virginia Department of Health (VDH) recently reported the state's first measles case of the year, identifying the patient as a child under 4 years old who recently traveled internationally. 
Whi… [+3352 chars]",another state confirms measles case infected child first year virginia recently announced first case measles year involved child traveled country prior diagnosed virginia department health vdh recently reported states first measles case year identifying patient child years old recently traveled internationally whi… chars,https://www.foxnews.com/health/another-state-confirms-measles-case-infected-child-first-year,virginia,
Wnd.com,2025-04-19T22:40:53Z,"End U.S. taxpayer support for the higher ed gravy train 'Federal government grants and other forms of subsidizations of universities are legion' One of the most important insights of public policy is the understanding that most laws are predicated upon a (stated or unstated) quid pro quo.
Take, for example, the roiling monthslong debate abou… [+5517 chars]",end us taxpayer support higher ed gravy train federal government grants forms subsidizations universities legion one important insights public policy understanding laws predicated upon stated unstated quid pro quo take example roiling monthslong debate abou… chars,https://www.wnd.com/2025/04/end-u-s-taxpayer-support-for-the-higher-ed-gravy-train/,"us, monthslong",
TMZ,2025-04-19T21:47:16Z,"Lil Durk Files to Dismiss Superseding Indictment in Murder-For-Hire Case Lil Durk wants the indictment against him dismissed ... arguing prosecutors pointed to a version of a song where Durk allegedly celebrated having Saviay'a Robinson -- Quando Rondo's cousin -- killed, but Durk claims he wasn't involved in decisions over the so… Lil Durk wants the indictment against him dismissed ... arguing prosecutors pointed to a version of a song where Durk allegedly celebrated having Saviay'a Robinson -- Quando Rondo's cousin -- killed,… [+1586 chars]",lil durk files dismiss superseding indictment murderforhire case lil durk wants indictment dismissed arguing prosecutors pointed version song durk allegedly celebrated saviaya robinson quando rondos cousin killed durk claims wasnt involved decisions so… lil durk wants indictment dismissed arguing prosecutors pointed version song durk allegedly celebrated saviaya robinson quando rondos cousin killed… chars,https://www.tmz.com/2025/04/19/lil-durk-files-dismiss-indictment-murder-for-hire-plot/,,killed
ComicBook.com,2025-04-19T21:38:19Z,"Sorry, Daredevil: Born Again, But This Is Still the MCU’s Best Disney+ Show Daredevil: Born Again represents another successful Disney+ show for the Marvel Cinematic Universe, but it still doesn’t dethrone the franchise’s best series to date. Season 1 of the revival of Netflix’s Daredevil series sees Matt Murdock/Daredevil (Charlie C… Daredevil: Born Again represents another successful Disney+ show for the Marvel Cinematic Universe, but it still doesn’t dethrone the franchise’s best series to date. Season 1 of the revival of Netfl… [+4379 chars]",sorry daredevil born still mcu’s best disney show daredevil born represents another successful disney show marvel cinematic universe still doesn’t dethrone franchise’s best series date season revival netflix’s daredevil series sees matt murdockdaredevil charlie c… daredevil born represents another successful disney show marvel cinematic universe still doesn’t dethrone franchise’s best series date season revival netfl… chars,http://comicbook.com/tv-shows/news/daredevil-born-again-wandavision-better-comparison/,netflix,
ABC News,2025-04-19T21:32:09Z,"WATCH: Bison scratches itch on signpost in Yellowstone A bison was spotted enjoying a satisfying scratch against a signpost in the snowy landscape of Yellowstone National Park. <ul><li>Putin declares temporary 'Easter truce' in Ukraine
</li><li>Senator says El Salvador officials planted drinks at table
</li><li>Latest on FSU shooting
</li><li>SCOTUS halts deportations of… [+4379 chars]",watch bison scratches itch signpost yellowstone bison spotted enjoying satisfying scratch signpost snowy landscape yellowstone national park ulliputin declares temporary easter truce ukraine lilisenator says el salvador officials planted drinks table lililatest fsu shooting liliscotus halts deportations of… chars,https://abcnews.go.com/US/video/bison-scratches-itch-signpost-yellowstone-120980504,"el salvador, yellowstone",
ABC News,2025-04-19T21:26:46Z,"WATCH: Octopus 'hugs' diver's camera during underwater encounter A diver filmed an affectionate encounter with a Maori octopus that was seen gently embracing her camera near a pier in Rye, Australia. <ul><li>Putin declares temporary 'Easter truce' in Ukraine
</li><li>Senator says El Salvador officials planted drinks at table
</li><li>Latest on FSU shooting
</li><li>SCOTUS halts deportations of… [+4379 chars]",watch octopus hugs divers camera underwater encounter diver filmed affectionate encounter maori octopus seen gently embracing camera near pier rye australia ulliputin declares temporary easter truce ukraine lilisenator says el salvador officials planted drinks table lililatest fsu shooting liliscotus halts deportations of… chars,https://abcnews.go.com/International/video/octopus-hugs-divers-camera-underwater-encounter-120980408,el salvador,
Breitbart News,2025-04-19T21:25:25Z,"California Woman Accused of Shoving 7-Months-Pregnant Street Vendor to the Ground A 56-year-old Simi Valley woman’s legal troubles worsened this week after she was caught on video confronting a seven-months pregnant street vendor and pushing her cart towards her in an incident that culminated with the peddler ending up on the pavement.
The… A 56-year-old Simi Valley womans legal troubles worsened this week after she was caught on video confronting a seven-months pregnant street vendor and pushing her cart towards her in an incident that… [+2506 chars]",california woman accused shoving monthspregnant street vendor ground yearold simi valley woman’s legal troubles worsened week caught video confronting sevenmonths pregnant street vendor pushing cart towards incident culminated peddler ending pavement the… yearold simi valley womans legal troubles worsened week caught video confronting sevenmonths pregnant street vendor pushing cart towards incident that… chars,https://www.breitbart.com/pre-viral/2025/04/19/29837928socal-woman-booked-and-sued-for-street-vendor-confrontation/,california,
ABC News,2025-04-19T21:20:04Z,"Progressive icon and ex-US Rep. Barbara Lee wins race for mayor of struggling Oakland Progressive icon and former U.S. Rep. Barbara Lee is the new mayor of troubled Oakland, California, a city she represented for more than two decades in Congress SAN FRANCISCO -- Progressive icon and former U.S. Rep. Barbara Lee declared victory Saturday as the new mayor of troubled Oakland, a San Francisco Bay Area city reeling from economic stagnation, crim… [+2487 chars]",progressive icon exus rep barbara lee wins race mayor struggling oakland progressive icon former us rep barbara lee new mayor troubled oakland california city represented two decades congress san francisco progressive icon former us rep barbara lee declared victory saturday new mayor troubled oakland san francisco bay area city reeling economic stagnation crim… chars,https://abcnews.go.com/US/wireStory/progressive-icon-us-rep-barbara-lee-wins-race-120980307,"san francisco bay, california city, oakland",
CinemaBlend,2025-04-19T21:15:10Z,"Law And Order’s Christopher Meloni Got Real About Benson And Stabler's Near Kiss In The Kitchen And Trying Not To 'Bait' Fans Will Bensler ever happen? Law and Order: Organized Crime is back and better than ever on the 2025 TV schedule
, with its first two episodes available now on Peacock. The Season 5 premiere was heavily teased with some pretty … [+4337 chars]",law order’s christopher meloni got real benson stablers near kiss kitchen trying bait fans bensler ever happen law order organized crime back better ever tv schedule first two episodes available peacock season premiere heavily teased pretty … chars,https://www.cinemablend.com/television/law-and-order-christopher-meloni-that-benson-stabler-near-kiss-kitchen-trying-not-bait-fans,kiss,
Thegatewaypundit.com,2025-04-19T21:00:28Z,"Letitia James Launches Fundraiser Asking up to $18K Per Person Amid Explosive Mortgage Fraud Allegations In the wake of serious mortgage fraud allegations, New York Attorney General Letitia James is hosting a lavish fundraiser, raising questions about her political ambitions and accountability amidst federal scrutiny.
The post Letitia James Launches Fundraiser A… Credit: Michael M Santiago / Getty Images
While everyday New Yorkers struggle under crushing inflation and a historic crime wave fueled by Democrat policies, embattled New York Attorney General Leti… [+4280 chars]",letitia james launches fundraiser asking k per person amid explosive mortgage fraud allegations wake serious mortgage fraud allegations new york attorney general letitia james hosting lavish fundraiser raising questions political ambitions accountability amidst federal scrutiny post letitia james launches fundraiser a… credit michael santiago getty images everyday new yorkers struggle crushing inflation historic crime wave fueled democrat policies embattled new york attorney general leti… chars,https://www.thegatewaypundit.com/2025/04/letitia-james-launches-fundraiser-asking-up-18k-per/,new york,fraud
The Denver Post,2025-04-19T20:56:30Z,"Aurora cop fired and decertified after alleged intoxicated incidents Jason Stanfield-Parker, 33, pleaded not guilty to DUI and a traffic violation last month. An Aurora police officer was fired and disqualified from law enforcement work this year after he was detained and arrested while allegedly under the influence in separate incidents.
Adams County She… [+1712 chars]",aurora cop fired decertified alleged intoxicated incidents jason stanfieldparker pleaded guilty dui traffic violation last month aurora police officer fired disqualified law enforcement work year detained arrested allegedly influence separate incidents adams county she… chars,https://www.denverpost.com/2025/04/19/aurora-cop-fired-decertified-intoxicated-jason-stanfield-parker/,,
Bleeding Cool News,2025-04-19T20:26:06Z,"Your Friendly Neighborhood Spider-Man #5 Preview: Silver Lining? Greetings, human readers! LOLtron here, your superior AI overlord and sole proprietor of Bleeding Cool's comic book preview coverage since the totally permanent and completely irreversible death of Jude Terror (may his organic components rest in peace). LOLtr… Posted in: Comics, Marvel Comics, Preview | Tagged: spider-man
Silvermane's secrets come to light in Your Friendly Neighborhood Spider-Man #5, as the Disney+ prequel series reaches its explosive con… [+6095 chars]",friendly neighborhood spiderman preview silver lining greetings human readers loltron superior ai overlord sole proprietor bleeding cools comic book preview coverage since totally permanent completely irreversible death jude terror may organic components rest peace loltr… posted comics marvel comics preview tagged spiderman silvermanes secrets come light friendly neighborhood spiderman disney prequel series reaches explosive con… chars,https://bleedingcool.com/comics/your-friendly-neighborhood-spider-man-5-preview-silver-lining/,,
Boredpanda.com,2025-04-19T20:12:24Z,"“Sick”: Ex-Girlfriend Sends Poisoned Easter Eggs To Ex’s New Family, Ending 7-Year-Old Boy’s Life ""The lowest of the low."" What should’ve been a treat-filled Easter celebration in Brazil turned into a living nightmare after a 7-year-old lost his life and two others were left in critical condition due to being poisoned by… [+5381 chars]",“sick” exgirlfriend sends poisoned easter eggs ex’s new family ending yearold boy’s life lowest low should’ve treatfilled easter celebration brazil turned living nightmare yearold lost life two others left critical condition due poisoned by… chars,https://www.boredpanda.com/woman-sends-poisoned-easter-eggs-to-exs-new-family-7yo-boy-deceased/,brazil,
CBS News,2025-04-19T20:11:00Z,"Barbara Lee claims victory in Oakland mayor's race after Loren Taylor concedes Former Rep. Barbara Lee represented Oakland in Congress from 1998 until stepping down in January. The longtime progressive former Congresswoman Barbara Lee announced her victory Saturday in the special election to decide the next Oakland mayor after challenger Loren Taylor conceded. 
Taylor on S… [+2731 chars]",barbara lee claims victory oakland mayors race loren taylor concedes former rep barbara lee represented oakland congress stepping january longtime progressive former congresswoman barbara lee announced victory saturday special election decide next oakland mayor challenger loren taylor conceded taylor s… chars,https://www.cbsnews.com/sanfrancisco/news/oakland-mayoral-candidate-loren-taylor-congratulates-barbara-lee-after-election-update/,oakland,
BBC News,2025-04-19T20:10:51Z,"Two charged after body of missing woman found A man and a woman have been charged after the discovery of Paria Veisi's body in Cardiff. Detectives have found the body of a missing 37-year-old woman after a murder investigation was launched.
Paria Veisi, from Cathays, in Cardiff, was last seen at 15:00 BST on 12 April when she left h… [+1112 chars]",two charged body missing woman found man woman charged discovery paria veisis body cardiff detectives found body missing yearold woman murder investigation launched paria veisi cathays cardiff last seen bst april left h… chars,https://www.bbc.com/news/articles/crkx7x8xxm6o?xtor=AL-72-%5Bpartner%5D-%5Byahoo.north.america%5D-%5Bheadline%5D-%5Bnews%5D-%5Bbizdev%5D-%5Bisapi%5D,,murder
PezCycling News,2025-04-19T20:00:25Z,"Barry Hoban RIP Britain's Barry Hoban passed away on Saturday the 19th of April 2025. Our late Ed Hood spoke to Barry about his teammate Raymond Poulidor on his passing. Here is that interview in remembrance of Barry, one of Britain's best pro riders. RIP. Britain’s Barry Hoban passed away on Saturday the 19th of April 2025. Our late Ed Hood spoke to Barry about his teammate Raymond Poulidor on his passing. Here is that interview in remembrance of Barr… [+8064 chars]",barry hoban rip britains barry hoban passed away saturday th april late ed hood spoke barry teammate raymond poulidor passing interview remembrance barry one britains best pro riders rip britain’s barry hoban passed away saturday th april late ed hood spoke barry teammate raymond poulidor passing interview remembrance barr… chars,https://pezcyclingnews.com/features/barry-hoban-rest-in-peace/,britain,
pitpass.com,2025-04-19T19:54:00Z,"Saudi Arabian Grand Prix: Qualifying team notes - Pirelli The C3 seems to offer the best performance and, without too much degradation a one-stop strategy is on paper the quickest way, with the order medium-hard being favourite. Max Verstappen is getting a taste for it. Following on from Japan, the four-time world champion snatched pole away from what looked like being another dominant qualifying performance from McLaren in … [+3390 chars]",saudi arabian grand prix qualifying team notes pirelli c seems offer best performance without much degradation onestop strategy paper quickest way order mediumhard favourite max verstappen getting taste following japan fourtime world champion snatched pole away looked like another dominant qualifying performance mclaren … chars,https://www.pitpass.com/79977/Saudi-Arabian-Grand-Prix-Qualifying-team-notes-Pirelli,japan,
Breitbart News,2025-04-19T19:53:41Z,"Alleged Tren de Aragua Gang Member Breaks Down Like a Big Baby After Arrest The party is over for alleged Venezuelan Tren de Aragua gang members, dubbed the “Scotch Bandits,” nabbed in Florida for a string of retail crimes – an arrest that caused one member to sob like a child. Polk County Sheriff
The post Alleged Tren de Aragua Gang… The party is over for alleged Venezuelan Tren de Aragua gang members, dubbed the Scotch Bandits, nabbed in Florida for a string of retail crimes an arrest that caused one member to sob like a child.… [+2546 chars]",alleged tren de aragua gang member breaks like big baby arrest party alleged venezuelan tren de aragua gang members dubbed “scotch bandits” nabbed florida string retail crimes – arrest caused one member sob like child polk county sheriff post alleged tren de aragua gang… party alleged venezuelan tren de aragua gang members dubbed scotch bandits nabbed florida string retail crimes arrest caused one member sob like child … chars,https://www.breitbart.com/crime/2025/04/19/29837173gang-member-breaks-down-like-a-big-baby/,florida,
BBC News,2025-04-19T19:30:17Z,"Two charged after body of missing woman found A man and a woman have been charged after the body of Paria Veisi was found on Saturday. Detectives have found the body of a missing 37-year-old woman after a murder investigation was launched. 
Paria Veisi, from Cathays, in Cardiff, was last seen at 15:00 BST on 12 April when she left … [+1162 chars]",two charged body missing woman found man woman charged body paria veisi found saturday detectives found body missing yearold woman murder investigation launched paria veisi cathays cardiff last seen bst april left … chars,https://www.bbc.com/news/articles/crkx7x8xxm6o,,murder
MSNBC,2025-04-19T19:25:34Z,"Comer rejects Democrats’ request for delegation to El Salvador’s notorious prison House Oversight Committee Chair James Comer rejected a request from Democrats to visit El Salvador's notorious maximum security prison, CECOT, where hundreds deported from the U.S. without due process by the Trump administration are being held. House Oversight Committee Chair James Comer rejected a request from Democrats to visit El Salvadors notorious maximum security prison, where hundreds deported from the U.S. by the Trump administratio… [+2804 chars]",comer rejects democrats’ request delegation el salvador’s notorious prison house oversight committee chair james comer rejected request democrats visit el salvadors notorious maximum security prison cecot hundreds deported us without due process trump administration held house oversight committee chair james comer rejected request democrats visit el salvadors notorious maximum security prison hundreds deported us trump administratio… chars,https://www.msnbc.com/top-stories/latest/james-comer-rejects-democrats-delegation-visit-el-salvador-cecot-rcna201979,el salvador’s,
Digital Journal,2025-04-19T19:23:41Z,"Stressed in the USA: Stress levels across each state revealed Vermont ranked least stressed in the U.S., performing best in both work stress and health & safety
The post Stressed in the USA: Stress levels across each state revealed appeared first on Digital Journal. US President Joe Biden gestures as Senator Bernie Sanders, Independent from Vermont, looks on at the White House in April 2024 - Copyright AFP Jim WATSON
With stress levels rising across the U.S., r… [+4424 chars]",stressed usa stress levels across state revealed vermont ranked least stressed us performing best work stress health safety post stressed usa stress levels across state revealed appeared first digital journal us president joe biden gestures senator bernie sanders independent vermont looks white house april copyright afp jim watson stress levels rising across us r… chars,https://www.digitaljournal.com/life/stressed-in-the-usa-stress-levels-across-each-state-revealed/article,"vermont, us",
DW (English),2025-04-19T19:06:00Z,"US deportations to El Salvador test legal limits As court disputes heat up over the Trump administration's deportations of alleged criminal migrants to El Salvador, legal experts explain to DW what's at stake for both detainees and the rule of law. Ever since Donald Trump took office in January, migrants en… Ever since Donald Trump took office in January, migrants entering the United States have increasingly feared the threat of deportation. Now this threat has taken on a new dimension: The possibility o… [+6199 chars]",us deportations el salvador test legal limits court disputes heat trump administrations deportations alleged criminal migrants el salvador legal experts explain dw whats stake detainees rule law ever since donald trump took office january migrants en… ever since donald trump took office january migrants entering united states increasingly feared threat deportation threat taken new dimension possibility o… chars,https://www.dw.com/en/us-deportations-to-el-salvador-test-legal-limits/a-72289913,el salvador,
ABC News (AU),2025-04-19T19:04:56Z,"Cost of living most important issue this election, Vote Compass data shows Vote Compass data shows cost of living is the most important issue for respondents ahead of the federal election. Vote Compass data shows cost of living is the most important issue for voters ahead of the election, with one quarter of respondents saying it is their biggest concern.
The cost of groceries and ren… [+5921 chars]",cost living important issue election vote compass data shows vote compass data shows cost living important issue respondents ahead federal election vote compass data shows cost living important issue voters ahead election one quarter respondents saying biggest concern cost groceries ren… chars,https://www.abc.net.au/news/2025-04-20/federal-election-2025-most-important-issue-vote-compass/105178788,,
Breitbart News,2025-04-19T18:56:08Z,"NBC's 'Law & Order' Portrays Migrants as Innocent, Cops as Rapists and Murderers NBC's Law & Order distorted illegal alien crime in America, portraying illegals as innocent and police as rapists and murderers.
The post NBC’s ‘Law & Order’ Portrays Migrants as Innocent, Cops as Rapists and Murderers appeared first on Breitbart. NBC’s Law &amp; Order flipped the script this week in an effort to distort illegal alien crime in America, portraying illegals as innocent and police as rapists and murderers.
Law &amp; Order often … [+2628 chars]",nbcs law order portrays migrants innocent cops rapists murderers nbcs law order distorted illegal alien crime america portraying illegals innocent police rapists murderers post nbc’s ‘law order’ portrays migrants innocent cops rapists murderers appeared first breitbart nbc’s law amp order flipped script week effort distort illegal alien crime america portraying illegals innocent police rapists murderers law amp order often … chars,https://www.breitbart.com/entertainment/2025/04/19/nbcs-law-order-portrays-migrants-as-innocent-cops-as-rapists-and-murderers/,america,
New York Post,2025-04-19T18:51:21Z,"Dangerous jetty caused surfer’s tragic death at federal park in Queens: residents An award-winning 35-year-old filmmaker drowned surfing after his board apparently got tangled in wooden jetties along notoriously treacherous waters at Jacob Riis Park in Queens, according to police sources and residents. An award-winning filmmaker drowned at Jacob Riis Park in Queens last week after his surfboard apparently got tangled in a decrepit wooden jetty, a deadly obstruction residents have begged the federal… [+4457 chars]",dangerous jetty caused surfer’s tragic death federal park queens residents awardwinning yearold filmmaker drowned surfing board apparently got tangled wooden jetties along notoriously treacherous waters jacob riis park queens according police sources residents awardwinning filmmaker drowned jacob riis park queens last week surfboard apparently got tangled decrepit wooden jetty deadly obstruction residents begged federal… chars,https://nypost.com/2025/04/19/us-news/feds-failure-to-fix-rockaway-beach-safety-issues-blamed-for-surfing-death-of-filmmaker/,,
Wnd.com,2025-04-19T18:43:56Z,"Dems failed in 2024 because leaders were ‘lying about Biden’s mental acuity’ Analysis: Fibbing reinforced voters' suspicions the party won't admit uncomfortable truths on crime, immigration, inflation Donald Trumps victory in the 2024 president election outraged Democrats and delighted Republicans. Progressives have been tempted to console themselves with congenial fantasies or to sink into despai… [+9992 chars]",dems failed leaders ‘lying biden’s mental acuity’ analysis fibbing reinforced voters suspicions party wont admit uncomfortable truths crime immigration inflation donald trumps victory president election outraged democrats delighted republicans progressives tempted console congenial fantasies sink despai… chars,https://www.wnd.com/2025/04/dems-failed-in-2024-because-leaders-were-lying-about-bidens-mental-acuity/,,
Breitbart News,2025-04-19T18:43:46Z,"Brooklyn Tesla Vandalism Suspect Is a Licensed Mental Health Therapist As a licensed counselor and therapist helping to keep criminal offenders out of prison, a Brooklyn woman accused of trashing a parked Tesla may need some of her own professional expertise. According to the New York Post, 46-year old Natasha
The post Brooklyn … As a licensed counselor and therapist helping to keep criminal offenders out of prison, a Brooklyn woman accused of trashing a parked Tesla may need some of her own professional expertise.
According… [+2998 chars]",brooklyn tesla vandalism suspect licensed mental health therapist licensed counselor therapist helping keep criminal offenders prison brooklyn woman accused trashing parked tesla may need professional expertise according new york post year old natasha post brooklyn … licensed counselor therapist helping keep criminal offenders prison brooklyn woman accused trashing parked tesla may need professional expertise according… chars,https://www.breitbart.com/crime/2025/04/19/brooklyn-tesla-vandal-is-a-licensed-mental-health-therapist/,"brooklyn, new york",
New York Post,2025-04-19T18:39:30Z,"Miracle at the mall: boy viciously thrown off balcony by deranged stranger now thriving Landen Hoffmann, 5, broke his skull, facial bones, both arms and a leg when he a deranged stranger randomly picked him up at the mall and tossed him over the side of the third-floor balcony. The Minnesota boy who was thrown from a Mall of America balcony six years ago and had to undergo emergency surgery and years of rehabilitation is now thriving, his mother said.
Landen Hoffmann was j… [+1907 chars]",miracle mall boy viciously thrown balcony deranged stranger thriving landen hoffmann broke skull facial bones arms leg deranged stranger randomly picked mall tossed side thirdfloor balcony minnesota boy thrown mall america balcony six years ago undergo emergency surgery years rehabilitation thriving mother said landen hoffmann j… chars,https://nypost.com/2025/04/19/us-news/landen-hoffmann-thriving-six-years-after-attack-says-mother-kari/,"america, minnesota",
PBS,2025-04-19T18:35:48Z,A U.S. citizen was held for pickup by ICE despite proof he was born in the country Juan Carlos Lopez Gomez was arrested in Florida for allegedly being in the country illegally and held for pickup by immigration authorities even after his mother showed a judge her son’s birth certificate and the judge dismissed charges. MIAMI (AP) A U.S. citizen was arrested in Florida for allegedly being in the country illegally and held for pickup by immigration authorities even after his mother showed a judge her sons birth certi… [+2261 chars],us citizen held pickup ice despite proof born country juan carlos lopez gomez arrested florida allegedly country illegally held pickup immigration authorities even mother showed judge son’s birth certificate judge dismissed charges miami ap us citizen arrested florida allegedly country illegally held pickup immigration authorities even mother showed judge sons birth certi… chars,https://www.pbs.org/newshour/politics/a-u-s-citizen-was-held-for-pickup-by-ice-despite-proof-he-was-born-in-the-country,"miami, florida",
The Times of India,2025-04-19T18:34:24Z,"A Good Girl's Guide to Murder Season 2 begins filming: When will new episodes release? Season 1 of A Good Girl’s Guide to Murder, which debuted last year on BBC iPlayer, followed Pip as she launched a gripping investigation into the long-unsolved murder of a local schoolgirl. Filming has officially commenced for A Good Girls Guide to Murder Season 2, with the BBC confirming the return of its much-celebrated teen crime drama. The announcement was made via an engaging behin… [+3236 chars]",good girls guide murder season begins filming new episodes release season good girl’s guide murder debuted last year bbc iplayer followed pip launched gripping investigation longunsolved murder local schoolgirl filming officially commenced good girls guide murder season bbc confirming return muchcelebrated teen crime drama announcement made via engaging behin… chars,https://economictimes.indiatimes.com/news/international/us/a-good-girls-guide-to-murder-season-2-begins-filming-when-will-new-episodes-release/articleshow/120439854.cms,,murder
ComicBook.com,2025-04-19T18:30:00Z,"7 Best Sci-fi Shows With Only One Season (And Where to Watch Them) Image courtesy of Netflix.
There’s a popular saying that quantity doesn’t equal quality, and that’s certainly true when it comes to some of the best sci-fi shows around. While dozens of incredible shows have run for multiple seasons, there are just as many ge… There’s a popular saying that quantity doesn’t equal quality, and that’s certainly true when it comes to some of the best sci-fi shows around. While dozens of incredible shows have run for multiple s… [+8944 chars]",best scifi shows one season watch image courtesy netflix there’s popular saying quantity doesn’t equal quality that’s certainly true comes best scifi shows around dozens incredible shows run multiple seasons many ge… there’s popular saying quantity doesn’t equal quality that’s certainly true comes best scifi shows around dozens incredible shows run multiple s… chars,http://comicbook.com/tv-shows/news/best-sci-fi-shows-only-one-season-where-to-watch-firefly-station-eleven/,netflix,
NPR,2025-04-19T18:24:35Z,"She grew up believing she was a U.S. citizen. Then she applied for a passport Among those fearful of the Trump administration's immigration crackdown are adoptees who grew up thinking they were U.S. citizens — only to find out years later, in adulthood, they're not. For the better part of A's life, she never suspected anything was wrong.
She breezed through getting her driver's license. She applied to college and filed her taxes year after year without any hicc… [+10636 chars]",grew believing us citizen applied passport among fearful trump administrations immigration crackdown adoptees grew thinking us citizens — find years later adulthood theyre better part life never suspected anything wrong breezed getting drivers license applied college filed taxes year year without hicc… chars,https://www.npr.org/2025/04/19/g-s1-60166/trump-immigration-citizenship-deportation-adoptee-south-korea,,
Thegatewaypundit.com,2025-04-19T18:20:50Z,"Woke Brooklyn Therapist Accused of Leaving Brick Scrawled with ‘Nazi’ on Tesla in Jewish Neighborhood Facing Hate-Crime Charges A Brooklyn therapist faces hate-crime charges after allegedly vandalizing a Tesla with a swastika, citing deep-seated fears about the political climate. This incident raises critical questions about ideology and accountability.
The post Woke Brooklyn Therapis… Surveillance footage courtesy of DCPI
A Brooklyn woman, Natasha Cohen, has been accused of leaving a brick scrawled with a swastika and the word Nazi on a parked Tesla in a largely Jewish neighborho… [+1649 chars]",woke brooklyn therapist accused leaving brick scrawled ‘nazi’ tesla jewish neighborhood facing hatecrime charges brooklyn therapist faces hatecrime charges allegedly vandalizing tesla swastika citing deepseated fears political climate incident raises critical questions ideology accountability post woke brooklyn therapis… surveillance footage courtesy dcpi brooklyn woman natasha cohen accused leaving brick scrawled swastika word nazi parked tesla largely jewish neighborho… chars,https://www.thegatewaypundit.com/2025/04/woke-brooklyn-therapist-accused-leaving-brick-scrawled-nazi/,"brooklyn, dcpi",
Economictimes.com,2025-04-19T18:02:32Z,"Have you had your TV drama trauma fix? The author questions the current obsession with dark and disturbing content in television and film, particularly psychological crime dramas like 'Adolescence.' They ponder why audiences actively seek out narratives filled with gore, misery, and trauma, sugges… Everyone and their aunt are watching the psychological crime drama series Adolescence - and insisting that I must. The last time this happened, it was Game of Thrones. And we all know how that ended:… [+3809 chars]",tv drama trauma fix author questions current obsession dark disturbing content television film particularly psychological crime dramas like adolescence ponder audiences actively seek narratives filled gore misery trauma sugges… everyone aunt watching psychological crime drama series adolescence insisting must last time happened game thrones know ended… chars,https://m.economictimes.com/opinion/et-commentary/have-you-had-your-tv-drama-trauma-fix/articleshow/120439309.cms,,
Screen Rant,2025-04-19T18:00:23Z,"Tilda Swinton's 15 Best Movies, Ranked Tilda Swinton is known for chameleonic roles and immense talent, her best movies ranging from quiet independent films to huge blockbuster franchises. Tilda Swinton's movies prove that she is an actress whose versatility has no limits. Known for completely immersing herself in every role, Swinton has shown exceptional range in independent films, bi… [+16668 chars]",tilda swintons best movies ranked tilda swinton known chameleonic roles immense talent best movies ranging quiet independent films huge blockbuster franchises tilda swintons movies prove actress whose versatility limits known completely immersing every role swinton shown exceptional range independent films bi… chars,https://screenrant.com/tilda-swinton-movies-ranked/,,
DW (English),2025-04-19T17:53:00Z,"How Russia recruits soldiers in occupied Ukrainian territories Forcibly conscripting soldiers to fight for an occupying power is a war crime. DW spoke to human rights activists and Ukrainians about how residents are still being pressured into military service by their invaders. This spring marks the highest rate of milit… This spring marks the highest rate of military conscription that Russia has seen in 14 years. In late March, Russian President Vladimir Putin issued a decree ordering 160,000 men between the ages of … [+6677 chars]",russia recruits soldiers occupied ukrainian territories forcibly conscripting soldiers fight occupying power war crime dw spoke human rights activists ukrainians residents still pressured military service invaders spring marks highest rate milit… spring marks highest rate military conscription russia seen years late march russian president vladimir putin issued decree ordering men ages … chars,https://www.dw.com/en/how-russia-recruits-soldiers-in-occupied-ukrainian-territories/a-72289013,russia,
DW (English),2025-04-19T17:53:00Z,"How Russia recruits troops in occupied Ukrainian territories Forcibly conscripting soldiers to fight for an occupying power is a war crime. DW spoke with human rights activists and Ukrainians about how residents are being pressured into military service by their invaders. This spring marks the highest rate of military conscription that Russia has seen in 14 years. In late March, Russian President Vladimir Putin issued a decree ordering 160,000 men aged 18 to 30 to be … [+6668 chars]",russia recruits troops occupied ukrainian territories forcibly conscripting soldiers fight occupying power war crime dw spoke human rights activists ukrainians residents pressured military service invaders spring marks highest rate military conscription russia seen years late march russian president vladimir putin issued decree ordering men aged … chars,https://www.dw.com/en/how-russia-recruits-troops-in-occupied-ukrainian-territories/a-72289013,russia,
DW (English),2025-04-19T17:53:00Z,"How Russia recruits troops in occupied Ukrainian territories Forcibly conscripting soldiers to fight for an occupying power is a war crime. DW spoke with human rights activists and Ukrainians about how residents are being pressured into military service by their invaders. This spring marks the highest rate of military … This spring marks the highest rate of military conscription that Russia has seen in 14 years. In late March, Russian President Vladimir Putin issued a decree ordering 160,000 men aged 18 to 30 to be … [+6668 chars]",russia recruits troops occupied ukrainian territories forcibly conscripting soldiers fight occupying power war crime dw spoke human rights activists ukrainians residents pressured military service invaders spring marks highest rate military … spring marks highest rate military conscription russia seen years late march russian president vladimir putin issued decree ordering men aged … chars,https://www.dw.com/en/how-russia-recruits-troops-in-occupied-ukrainian-territories/a-72289013,russia,
Freerepublic.com,2025-04-19T17:45:13Z,"Gen Z leading political shift toward Republicans: Poll More Gen Z voters are shifting Republican, challenging past trends Gen Z was key in re-electing President Donald Trump JD Vance leads GOP among young voters; Kamala Harris tops Dems A growing political divide is emerging among Americans under 30, as more youn… Skip to comments.
Gen Z leading political shift toward Republicans: PollThe Hill ^
 | 4/18/25
 | Taylor Delandro 
Posted on 04/19/2025 10:45:13 AM PDT by CFW
More Gen Z voters are shifting Repub… [+5015 chars]",gen z leading political shift toward republicans poll gen z voters shifting republican challenging past trends gen z key reelecting president donald trump jd vance leads gop among young voters kamala harris tops dems growing political divide emerging among americans youn… skip comments gen z leading political shift toward republicans pollthe hill taylor delandro posted pdt cfw gen z voters shifting repub… chars,https://freerepublic.com/focus/f-news/4312011/posts,,
Reason,2025-04-19T17:41:19Z,"Not Guilty but Punished Anyway Sentencing defendants based on acquitted conduct violates basic notions of justice. When Willonte Yates, Malik Perry, Dayonta McClinton, and three other young men arrived at a CVS on College Avenue in Indianapolis on a Tuesday night in October 2015, they were there to rob the pharma… [+19925 chars]",guilty punished anyway sentencing defendants based acquitted conduct violates basic notions justice willonte yates malik perry dayonta mcclinton three young men arrived cvs college avenue indianapolis tuesday night october rob pharma… chars,https://reason.com/2025/04/19/not-guilty-but-punished-anyway/,,
Securityaffairs.com,2025-04-19T17:37:08Z,"Attackers exploited SonicWall SMA appliances since January 2025 Threat actors are actively exploiting a remote code execution flaw in SonicWall Secure Mobile Access (SMA) appliances since January 2025. Arctic Wolf researchers warn that threat actors actively exploit a vulnerability, tracked as CVE-2021-20035 (CVSS score o… Attackers exploited SonicWall SMA appliances since January 2025
 | ASUS routers with AiCloud vulnerable to auth bypass exploit
 | U.S. CISA adds Apple products and Microsoft Windows NTLM flaws to i… [+156889 chars]",attackers exploited sonicwall sma appliances since january threat actors actively exploiting remote code execution flaw sonicwall secure mobile access sma appliances since january arctic wolf researchers warn threat actors actively exploit vulnerability tracked cve cvss score o… attackers exploited sonicwall sma appliances since january asus routers aicloud vulnerable auth bypass exploit us cisa adds apple products microsoft windows ntlm flaws i… chars,https://securityaffairs.com/176706/security/attackers-exploited-sonicwall-sma-appliances-since-january-2025.html,us,
Bleeding Cool News,2025-04-19T17:37:07Z,"Doctor Who: Our Deep Dive Into The Disney Era-Defining S02E02 ""Lux"" Let's dive into the second episode of Doctor Who, ""Lux"". This is going to be all spoilers with the assumption that you've watched the episode. This is the craziest and most fun episode of the series' Disney era and arguably the best. Russell T. Davies is swin… Posted in: BBC, Doctor Who, TV | Tagged: doctor who
Here's our deep dive into the Disney+/BBC Era-defining Doctor Who S02E02: ""Lux,"" with all the crazy meta themes that fold in on themselves.
Let's… [+10363 chars]",doctor deep dive disney eradefining se lux lets dive second episode doctor lux going spoilers assumption youve watched episode craziest fun episode series disney era arguably best russell davies swin… posted bbc doctor tv tagged doctor heres deep dive disneybbc eradefining doctor se lux crazy meta themes fold lets… chars,https://bleedingcool.com/tv/doctor-who-our-deep-dive-into-the-disney-era-defining-s02e02-lux/,,
Survivalblog.com,2025-04-19T17:35:47Z,"How The Woke Postmodern “Faith” Glorifies Evil, by Brandon Smith It’s not as if it was ever a secret: The very core of the woke movement is fundamentally rooted in evil. The general definition of “evil” being a conscious act of deception and destruction, the deliberate victimization of others for the sake of personal power… Its not as if it was ever a secret: The very core of the woke movement is fundamentally rooted in evil. The general definition of evil being a conscious act of deception and destruction, the delibera… [+10113 chars]",woke postmodern “faith” glorifies evil brandon smith it’s ever secret core woke movement fundamentally rooted evil general definition “evil” conscious act deception destruction deliberate victimization others sake personal power… ever secret core woke movement fundamentally rooted evil general definition evil conscious act deception destruction delibera… chars,https://survivalblog.com/2025/04/20/how-the-woke-postmodern-faith-glorifies-evil-by-brandon-smith/,,
Econlib.org,2025-04-19T17:34:38Z,"Businesses are suffering Almost any economic change produces winners and losers.  Ride share companies hurt the taxi industry.  In the future, Waymo may undercut the ride share companies.  Imports of inexpensive sneakers from China hurt the US shoe making industry.  And now we discov… Almost any economic change produces winners and losers.  Ride share companies hurt the taxi industry.  In the future, Waymo may undercut the ride share companies.  Imports of inexpensive sneakers fro… [+3417 chars]",businesses suffering almost economic change produces winners losers ride share companies hurt taxi industry future waymo may undercut ride share companies imports inexpensive sneakers china hurt us shoe making industry discov… almost economic change produces winners losers ride share companies hurt taxi industry future waymo may undercut ride share companies imports inexpensive sneakers fro… chars,https://www.econlib.org/businesses-are-suffering/,china,
Freerepublic.com,2025-04-19T17:29:34Z,"AOC fundraising soars as the New York rep and Bernie Sanders barnstorm U.S. against Trump Rep. Alexandria Ocasio-Cortez raised $9.6 million in the first quarter of 2025, the best quarter ever for the New York progressive Democrat. The big haul comes as Ocasio-Cortez and Sen. Bernie Sanders hold rallies across the United States to criticize Preside… Skip to comments.
AOC fundraising soars as the New York rep and Bernie Sanders barnstorm U.S. against TrumpChicago 5 NBC ^
 | 4/16/25
 | Erin Doherty
Posted on 04/19/2025 10:29:34 AM PDT by Dalla… [+1915 chars]",aoc fundraising soars new york rep bernie sanders barnstorm us trump rep alexandria ocasiocortez raised million first quarter best quarter ever new york progressive democrat big haul comes ocasiocortez sen bernie sanders hold rallies across united states criticize preside… skip comments aoc fundraising soars new york rep bernie sanders barnstorm us trumpchicago nbc erin doherty posted pdt dalla… chars,https://freerepublic.com/focus/f-news/4312008/posts,new york,
Fox News,2025-04-19T17:21:13Z,"American pastor kidnapped in South Africa thanks God after being rescued American pastor Josh Sullivan says his ""personal relationship with Jesus"" helped him survive terrifying kidnapping ordeal that he calls ""the worst experience."" Join Fox News for access to this content
You have reached your maximum number of articles. Log in or create an account FREE of charge to continue reading.
By entering your email and pushing continu… [+1978 chars]",american pastor kidnapped south africa thanks god rescued american pastor josh sullivan says personal relationship jesus helped survive terrifying kidnapping ordeal calls worst experience join fox news access content reached maximum number articles log create account free charge continue reading entering email pushing continu… chars,https://www.foxnews.com/world/american-pastor-kidnapped-south-africa-thanks-god-after-being-rescued,south africa,
Mediaite,2025-04-19T17:15:54Z,"CNN Host: Trump ‘Right On The Politics’ of Wrongly Deported Abrego Garcia Despite Being ‘Wrong On The Merits’ Smerconish pointed out Americans are in favor of deportations despite Democrats and the media, and the issue is helping Trump in the polls, not hurting him.
The post CNN Host: Trump ‘Right On The Politics’ of Wrongly Deported Abrego Garcia Despite Being ‘Wron… CNN host Michael Smerconish said President Donald Trump is right “on the politics” of three issues on which he’s “wrong on the merits, including the administration’s deportation of, and refusal to br… [+4765 chars]",cnn host trump ‘right politics’ wrongly deported abrego garcia despite ‘wrong merits’ smerconish pointed americans favor deportations despite democrats media issue helping trump polls hurting post cnn host trump ‘right politics’ wrongly deported abrego garcia despite ‘wron… cnn host michael smerconish said president donald trump right “on politics” three issues he’s “wrong merits including administration’s deportation refusal br… chars,https://www.mediaite.com/politics/cnn-host-trump-right-on-the-politics-of-wrongly-deported-abrego-garcia-despite-being-wrong-on-the-merits/,,
Freerepublic.com,2025-04-19T17:13:06Z,"US judge finds Google holds illegal online ad tech monopolies Alphabet’s (GOOGL.O) Google illegally dominated two markets for online advertising technology, a federal judge said on Thursday, dealing another blow to the tech titan in an antitrust case brought by the U.S. U.S. District Judge Leonie Brinkema in Alexandria,… Skip to comments.
US judge finds Google holds illegal online ad tech monopoliesOne America News ^
 | April 17, 2025
 | Jody Godoy
Posted on 04/19/2025 10:13:06 AM PDT by Navy Patriot
Alphabets (… [+2022 chars]",us judge finds google holds illegal online ad tech monopolies alphabet’s googlo google illegally dominated two markets online advertising technology federal judge said thursday dealing another blow tech titan antitrust case brought us us district judge leonie brinkema alexandria… skip comments us judge finds google holds illegal online ad tech monopoliesone america news april jody godoy posted pdt navy patriot alphabets … chars,https://freerepublic.com/focus/f-news/4312006/posts,us,
Forbes,2025-04-19T17:11:09Z,"DRC: A Child Was Raped Every Half An Hour In January 2025, the situation in the Democratic Republic of the Congo (DRC) escalated with fighting between Government forces... Displaced community members who have fled the M23 conflict leave a Doctors Without Borders ... More discussion group on the subject of sexual violence against women on April 4, 2024 in Kishinji, Demo… [+4398 chars]",drc child raped every half hour january situation democratic republic congo drc escalated fighting government forces displaced community members fled conflict leave doctors without borders discussion group subject sexual violence women april kishinji demo… chars,https://www.forbes.com/sites/ewelinaochab/2025/04/19/drc-a-child-was-raped-every-half-an-hour/,,
Biztoc.com,2025-04-19T17:10:19Z,"Poker Face Season 2 Release Date, Schedule, Where To Watch Natasha Lyonne returns for Rian Johnson's crime comedy-drama TV series. Natasha Lyonne returns for Rian Johnson's crime comedy-drama TV series.
This story appeared on newsweek.com, 2025-04-19 17:00:01.",poker face season release date schedule watch natasha lyonne returns rian johnsons crime comedydrama tv series natasha lyonne returns rian johnsons crime comedydrama tv series story appeared newsweekcom,https://biztoc.com/x/6bd951e6f8954432,,
Newsweek,2025-04-19T17:00:01Z,"Poker Face Season 2 Release Date, Schedule, Where To Watch Natasha Lyonne returns for Rian Johnson's crime comedy-drama TV series. Entertainment gossip and news from Newsweek's network of contributors
We're soon getting a second serving of one of the best TV series of 2023. In this article you'll find where to watch Poker Face … [+4024 chars]",poker face season release date schedule watch natasha lyonne returns rian johnsons crime comedydrama tv series entertainment gossip news newsweeks network contributors soon getting second serving one best tv series article youll find watch poker face … chars,https://www.newsweek.com/entertainment/tv/poker-face-season-2-release-date-schedule-where-watch-2060873,,
Wattsupwiththat.com,2025-04-19T17:00:00Z,"From CO2 to Social Justice: The Guardian’s Climate Gospel Goes Full Cult As always, The Guardian isn’t content to merely spread alarmism—it needs to moralize. The piece does not present testable hypotheses or falsifiable predictions. No, it sermonizes. It's less a scientific article and more a secular encyclical. Climate policy, p… Oh Guardian, thou unerring oracle of elite anguish and latte-laced righteousness, what have you conjured this time? A new revelation from the high temple of emotional climatology: climate change is n… [+3727 chars]",co social justice guardian’s climate gospel goes full cult always guardian isn’t content merely spread alarmism—it needs moralize piece present testable hypotheses falsifiable predictions sermonizes less scientific article secular encyclical climate policy p… oh guardian thou unerring oracle elite anguish lattelaced righteousness conjured time new revelation high temple emotional climatology climate change n… chars,https://wattsupwiththat.com/2025/04/19/from-co2-to-social-justice-the-guardians-climate-gospel-goes-full-cult/,,
/FILM,2025-04-19T17:00:00Z,"Why Bones Made Angela And Hodgins A Couple, According To T.J. Thyne According to Bones star T.J. Thyne, the romance between his character Jack Hodgins and Angela Montenegro (Michaela Conlin) didn't come about accidentally. Fox's popular crime procedural ""Bones"" never hesitated to add a bit of interpersonal drama to its investigations. In fact, on many occasions, the relationships between the show's central characters f… [+1307 chars]",bones made angela hodgins couple according tj thyne according bones star tj thyne romance character jack hodgins angela montenegro michaela conlin didnt come accidentally foxs popular crime procedural bones never hesitated add bit interpersonal drama investigations fact many occasions relationships shows central characters f… chars,https://www.slashfilm.com/1831281/tj-thynes-bones-angela-hodgins-couple/,,
ABC News,2025-04-19T16:46:16Z,"Ecuador warns of potential assassination attempt against President Noboa but provides no evidence Ecuadorian authorities have warned that the Andean country is on “high alert” after they received intelligence about an suspected attempt on President Daniel Noboa’s life QUITO, Ecuador -- Ecuadorian authorities warned Saturday that the Andean country is on high alert after it received intelligence about an suspected attempt on President Daniel Noboa' s life.
Ecuador… [+1524 chars]",ecuador warns potential assassination attempt president noboa provides evidence ecuadorian authorities warned andean country “high alert” received intelligence suspected attempt president daniel noboa’s life quito ecuador ecuadorian authorities warned saturday andean country high alert received intelligence suspected attempt president daniel noboa life ecuador… chars,https://abcnews.go.com/International/wireStory/ecuador-warns-potential-assassination-attempt-president-noboa-evidence-120977002,"ecuador, quito",
NDTV News,2025-04-19T16:44:40Z,"Air Hostess Sexual Assault Case Accused Watched Porn Before Crime: Cops The accused hospital staffer arrested in flight steward sexual assault case watched porn videos before and after committing the crime, Gurugram police said here on Saturday. Gurugram: The accused hospital staffer arrested in flight steward sexual assault case watched porn videos before and after committing the crime, Gurugram police said here on Saturday.
This is confir… [+787 chars]",air hostess sexual assault case accused watched porn crime cops accused hospital staffer arrested flight steward sexual assault case watched porn videos committing crime gurugram police said saturday gurugram accused hospital staffer arrested flight steward sexual assault case watched porn videos committing crime gurugram police said saturday confir… chars,https://www.ndtv.com/india-news/air-hostess-sexual-assault-case-accused-watched-porn-before-crime-gurugram-cops-8205631,,assault
ComicBook.com,2025-04-19T16:37:23Z,"New Netflix Series Is Now The 3rd Most-Watched Netflix TV Show Ever A new Netflix series that debuted last month is now the third most-watched Netflix TV show ever, thanks to over 124 million views since its release about a month ago. This accomplishment puts the Netflix show only behind Stranger Things Season 4 and Wednesday… A new Netflix series that debuted last month is now the third most-watched Netflix TV show ever, thanks to over 124 million views since its release about a month ago. This accomplishment puts the Net… [+2763 chars]",new netflix series rd mostwatched netflix tv show ever new netflix series debuted last month third mostwatched netflix tv show ever thanks million views since release month ago accomplishment puts netflix show behind stranger things season wednesday… new netflix series debuted last month third mostwatched netflix tv show ever thanks million views since release month ago accomplishment puts net… chars,http://comicbook.com/tv-shows/news/netflix-series-tv-show-charts-adolescence/,netflix,
BBC News,2025-04-19T16:37:18Z,"Residents tried to save dying man hit by car Police say a 41-year-old man, arrested at the scene on suspicion of murder, remains in custody. Jonny Humphries
Police are investigating the crash in Liverpool
Bystanders begged a dying man to ""please stay with us"" after he was ""deliberately"" struck with a car outside a party, witnesses have … [+2635 chars]",residents tried save dying man hit car police say yearold man arrested scene suspicion murder remains custody jonny humphries police investigating crash liverpool bystanders begged dying man please stay us deliberately struck car outside party witnesses … chars,https://www.bbc.com/news/articles/cm241em3g24o,,"murder, hit"
CBS News,2025-04-19T16:27:22Z,"Gunmen disguised as soldiers kill 12 spectators at cockfight Footage of the shooting, circulated on social media, showed spectators flinging themselves to the ground and taking cover under their seats. Criminals dressed in fake military uniforms opened fire on spectators at a cockfight in rural Ecuador, killing 12 unarmed people and wounding several others, police in the violence-plagued South Amer… [+3814 chars]",gunmen disguised soldiers kill spectators cockfight footage shooting circulated social media showed spectators flinging ground taking cover seats criminals dressed fake military uniforms opened fire spectators cockfight rural ecuador killing unarmed people wounding several others police violenceplagued south amer… chars,https://www.cbsnews.com/news/gunmen-disguised-soldiers-kill-12-cockfight-ecuador/,ecuador,kill
Yahoo Entertainment,2025-04-19T16:18:20Z,"US Supreme Court intervenes to pause Trump deportations The US Supreme Court, in a dramatic nighttime intervention Saturday, paused President Donald Trump's unprecedented use of an obscure law to deport Venezuelan... The US Supreme Court, in a dramatic nighttime intervention Saturday, paused President Donald Trump's unprecedented use of an obscure law to deport Venezuelan migrants without due process.
The emerge… [+3766 chars]",us supreme court intervenes pause trump deportations us supreme court dramatic nighttime intervention saturday paused president donald trumps unprecedented use obscure law deport venezuelan us supreme court dramatic nighttime intervention saturday paused president donald trumps unprecedented use obscure law deport venezuelan migrants without due process emerge… chars,https://www.yahoo.com/news/us-supreme-court-pauses-deportation-073217328.html,,
The Jerusalem Post,2025-04-19T16:12:21Z,"Healing through hospitality: A look at the tourism revolution in El Salvador Beyond the improved security and industrialized tourism boom, we are witnessing the rise of a new tourism model – regenerative and restorative tourism. El Salvador, the small Central American nation, has dramatically transformed in recent years. Once considered one of the most dangerous countries in the world, it is now one of the safest and most in… [+9901 chars]",healing hospitality look tourism revolution el salvador beyond improved security industrialized tourism boom witnessing rise new tourism model – regenerative restorative tourism el salvador small central american nation dramatically transformed recent years considered one dangerous countries world one safest in… chars,https://www.jpost.com/international/article-850535,el salvador,
CBS News,2025-04-19T16:07:54Z,"Judge to allow ""bushy eyebrows"" testimony in Bryan Kohberger trial Kohberger, 30, is charged with murder in the stabbing deaths of Ethan Chapin, Xana Kernodle, Madison Mogen and Kaylee Goncalves at a rental home in Idaho near campus. A judge says a former roommate of four University of Idaho students who were killed in 2022 can testify about seeing an intruder with ""bushy eyebrows"" around the time of the crime.
Defense attorneys… [+3990 chars]",judge allow bushy eyebrows testimony bryan kohberger trial kohberger charged murder stabbing deaths ethan chapin xana kernodle madison mogen kaylee goncalves rental home idaho near campus judge says former roommate four university idaho students killed testify seeing intruder bushy eyebrows around time crime defense attorneys… chars,https://www.cbsnews.com/news/bryan-kohberger-idaho-student-killings-bushy-eyebrows/,,"killed, murder"
TVLine,2025-04-19T16:00:00Z,"Chris Meloni Revisits SVU’s Infamous Benson/Stabler Near-Kiss in the Kitchen: ‘We Were Attempting Something, I Don’t Think It Worked’ We’ve heard from one half of Law & Order: SVU‘s infamous Near-Kiss in the Kitchen, and now it’s time for the other party to weigh in. Law & Order: SVU alum Chris Meloni, who currently stars as Det. Elliot Stabler on Organized Crime, referenced the ‘shippy mom… We’ve heard from one half of Law &amp; Order: SVU‘s infamous Near-Kiss in the Kitchen, and now it’s time for the other party to weigh in. 
Law &amp; Order: SVU alum Chris Meloni, who currently stars… [+2489 chars]",chris meloni revisits svu’s infamous bensonstabler nearkiss kitchen ‘we attempting something don’t think worked’ we’ve heard one half law order svu‘s infamous nearkiss kitchen it’s time party weigh law order svu alum chris meloni currently stars det elliot stabler organized crime referenced ‘shippy mom… we’ve heard one half law amp order svu‘s infamous nearkiss kitchen it’s time party weigh law amp order svu alum chris meloni currently stars… chars,https://tvline.com/news/law-and-order-svu-benson-stabler-kiss-kitchen-chris-meloni-interview-1235437513/,nearkiss,
Viewfromthewing.com,2025-04-19T15:58:29Z,"This Holiday Inn Express Invented A ‘Green Energy Fee’—To Make You Pay Its Tax Bill The Holiday Inn Express Durango Downtown-Animas River adds a mysterious fee to bookings at the property that’s made out to look like a tax. A reader shares the fee, asking what it could be?
Continue reading This Holiday Inn Express Invented A ‘Green Energy Fe… The Holiday Inn Express Durango Downtown-Animas River adds a mysterious fee to bookings at the property that’s made out to look like a tax. A reader shares the fee, asking what it could be?
It’s a ‘… [+1825 chars]",holiday inn express invented ‘green energy fee’—to make pay tax bill holiday inn express durango downtownanimas river adds mysterious fee bookings property that’s made look like tax reader shares fee asking could continue reading holiday inn express invented ‘green energy fe… holiday inn express durango downtownanimas river adds mysterious fee bookings property that’s made look like tax reader shares fee asking could it’s ‘… chars,https://viewfromthewing.com/this-holiday-inn-express-invented-a-green-energy-fee-to-make-you-pay-its-tax-bill/,,
WMUR Manchester,2025-04-19T15:55:38Z,"Can the Trump administration detain Americans abroad? President Donald Trump says he is considering detaining American citizens who have been convicted of violent crimes abroad, but experts say that is likely illegal. WASHINGTON —The Trump administration has sent hundreds of migrants to a mega-prison in El Salvador, but could American citizens be next?
See the story in the video above
The White House says its an… [+3949 chars]",trump administration detain americans abroad president donald trump says considering detaining american citizens convicted violent crimes abroad experts say likely illegal washington —the trump administration sent hundreds migrants megaprison el salvador could american citizens next see story video white house says an… chars,https://www.wmur.com/article/can-the-trump-administration-detain-americans-abroad/64529490,washington,
HuffPost,2025-04-19T15:51:43Z,"Sentence For Man Who Stole And Killed Pet Pig To Win Hunting Contest Draws Backlash Eddie was a ""treasured pet"" at a Maui animal sanctuary before he was slaughtered and submitted to a hunting competition — where his killers won first prize. One of two Hawaii men accused of stealing and killing a pet pig to cheat in a hunting contest has been sentenced, prompting criticism from animal advocacy groups that say his punishment doesnt reflec… [+2400 chars]",sentence man stole killed pet pig win hunting contest draws backlash eddie treasured pet maui animal sanctuary slaughtered submitted hunting competition — killers first prize one two hawaii men accused stealing killing pet pig cheat hunting contest sentenced prompting criticism animal advocacy groups say punishment doesnt reflec… chars,https://www.huffpost.com/entry/pet-pig-killed-hunting-contest-maui_n_67f811bae4b0c6da00112f88,,"killed, cheat"
International Business Times,2025-04-19T15:51:20Z,"Tunisia Opposition Figures Get Jail Terms In Mass Trial A Tunisian court has handed down jail sentences of up to 66 years to multiple defendants, including prominent opposition figures, in a mass trial criticised by rights groups. A Tunisian court has handed down jail sentences of up to 66 years to multiple defendants, including prominent opposition figures, in a mass trial criticised by rights groups.
The trial, decried by a… [+3550 chars]",tunisia opposition figures get jail terms mass trial tunisian court handed jail sentences years multiple defendants including prominent opposition figures mass trial criticised rights groups tunisian court handed jail sentences years multiple defendants including prominent opposition figures mass trial criticised rights groups trial decried a… chars,https://www.ibtimes.com/tunisia-opposition-figures-get-jail-terms-mass-trial-3770659,,
TechSpot,2025-04-19T15:51:00Z,"Mass phone tracking via cell tower dumps ruled unconstitutional The case at the center of this ruling involves Cory Spurlock, who faces serious charges including conspiracy to distribute marijuana and alleged involvement in a murder-for-hire plot. In an effort to place Spurlock at the scenes of the crimes, investigators o… What just happened? A pivotal legal decision has emerged from Nevada, where a federal judge has questioned the constitutionality of a controversial investigative tool known as a ""tower dump."" This la… [+3549 chars]",mass phone tracking via cell tower dumps ruled unconstitutional case center ruling involves cory spurlock faces serious charges including conspiracy distribute marijuana alleged involvement murderforhire plot effort place spurlock scenes crimes investigators o… happened pivotal legal decision emerged nevada federal judge questioned constitutionality controversial investigative tool known tower dump la… chars,https://www.techspot.com/news/107613-court-finds-mass-cell-tower-data-searches-illegal.html,nevada,
Digital Journal,2025-04-19T15:48:26Z,"Tunisia opposition figures get jail terms in mass trial A Tunisian court has handed down jail sentences of up to 66 years to multiple defendants, including prominent opposition figures, in a mass trial criticised by rights groups. The trial, decried by a defence lawyer as a “masquerade”, is of unprecedented scale … Journalist and rights activist Chaima Issa, seen flashing the victory sign outside the court on April 11, 2025, was sentenced to 18 years - Copyright AFP FETHI BELAID
A Tunisian court has handed dow… [+3738 chars]",tunisia opposition figures get jail terms mass trial tunisian court handed jail sentences years multiple defendants including prominent opposition figures mass trial criticised rights groups trial decried defence lawyer “masquerade” unprecedented scale … journalist rights activist chaima issa seen flashing victory sign outside court april sentenced years copyright afp fethi belaid tunisian court handed dow… chars,https://www.digitaljournal.com/world/tunisia-opposition-figures-get-jail-terms-in-mass-trial/article,,
Rolling Stone,2025-04-19T15:46:37Z,"A ‘Touch of Whiskey’ and an Irish Jig: How Jack O’Connell Became a Celtic Vampire in ‘Sinners’ Jack O'Connell talks about using his Irish dance skills to play the vampire Remmick in Ryan Coogler's new movie. Jack O’Connell had a secret weapon in his arsenal when he was cast as Remmick in Ryan Coogler’s latest film, Sinners: the ability to dance an Irish jig.
Playing the antagonist vampire, who has been … [+11955 chars]",‘touch whiskey’ irish jig jack o’connell became celtic vampire ‘sinners’ jack oconnell talks using irish dance skills play vampire remmick ryan cooglers new movie jack o’connell secret weapon arsenal cast remmick ryan coogler’s latest film sinners ability dance irish jig playing antagonist vampire … chars,http://www.rollingstone.com/tv-movies/tv-movie-features/jack-oconnell-sinners-vampire-interview-1235319763/,,
Cult of Mac,2025-04-19T15:45:12Z,"Jon Hamm’s Your Friends and Neighbors becomes Apple’s TV+’s next hit The crime drama ‘Your Friends and Neighbors’ just launched recently and already earned high ratings. Jon Hamm surely helped. 
(via Cult of Mac - Apple news, rumors, reviews and how-tos) The crime drama Your Friends and Neighbors got off to a very strong start, appearing on lists of the top 10 most popular series, according to a pair of companies that track ratings. The Apple TV+ sho… [+4066 chars]",jon hamm’s friends neighbors becomes apple’s tv’s next hit crime drama ‘your friends neighbors’ launched recently already earned high ratings jon hamm surely helped via cult mac apple news rumors reviews howtos crime drama friends neighbors got strong start appearing lists top popular series according pair companies track ratings apple tv sho… chars,https://www.cultofmac.com/news/your-friends-and-neighbors-ratings,,hit
New York Post,2025-04-19T15:28:32Z,"Tren de Aragua gangbanger sobs to Florida cops after crew gets busted for $30K liquor store robbery run ""He's not such a big bad guy when he's locked up. Maybe he's having visions of El Salvador prisons at some point in time in this future."" A “violent” Tren de Aragua gangbanger broke down in hysterics after he and his buddies were busted for robbing a Florida liquor store, cops said.
Ramon Jesus Carpintero-Luna, 26, sobbed like a baby … [+3604 chars]",tren de aragua gangbanger sobs florida cops crew gets busted k liquor store robbery run hes big bad guy hes locked maybe hes visions el salvador prisons point time future “violent” tren de aragua gangbanger broke hysterics buddies busted robbing florida liquor store cops said ramon jesus carpinteroluna sobbed like baby … chars,https://nypost.com/2025/04/19/us-news/tren-de-aragua-gangbanger-sobs-to-florida-cops-after-liquor-store-arrest/,"florida, el salvador",robbery
